City_ID,City,Country,Lat,Lng,Max Temp,Humidity,Cloudiness,Wind Speed,Current Description
0,Jamestown,US,42.097,-79.2353,33.03,66,100,20.71,overcast clouds
1,Punta Arenas,CL,-53.15,-70.9167,44.71,70,0,16.11,clear sky
2,Awjilah,LY,29.1081,21.2869,70.34,24,100,11.54,overcast clouds
3,Busselton,AU,-33.65,115.3333,69.62,82,99,7.72,overcast clouds
4,Castro,BR,-24.7911,-50.0119,55.13,98,100,6.22,overcast clouds
5,Hermanus,ZA,-34.4187,19.2345,62.8,77,32,14.23,scattered clouds
6,Ribeira Grande,PT,38.5167,-28.7,59.29,72,100,21.65,overcast clouds
7,Namibe,AO,-15.1961,12.1522,71.33,81,78,2.62,broken clouds
8,Genhe,CN,50.7833,121.5167,11.23,98,66,2.55,broken clouds
9,Bagdarin,RU,54.4333,113.6,18.28,92,100,4.65,overcast clouds
10,Qaanaaq,GL,77.484,-69.3632,14.74,95,100,3.62,overcast clouds
11,Ossora,RU,59.2353,163.0719,18.88,91,100,5.7,light snow
12,Tasiilaq,GL,65.6145,-37.6368,32.16,91,100,4.38,overcast clouds
13,Iquitos,PE,-3.7481,-73.2472,78.84,83,75,3.44,broken clouds
14,Faanui,PF,-16.4833,-151.75,80.65,75,100,1.36,moderate rain
15,Muncar,ID,-8.4333,114.3333,74.82,90,99,3.06,moderate rain
16,Chokurdakh,RU,70.6333,147.9167,-19.97,99,28,3.06,scattered clouds
17,Kavieng,PG,-2.5744,150.7967,80.08,81,100,9.64,moderate rain
18,East London,ZA,-33.0153,27.9116,65.14,90,100,7.23,light rain
19,Mariinsk,RU,56.2139,87.7472,34.11,80,100,14.16,overcast clouds
20,Feijo,BR,-8.1642,-70.3536,64.58,97,100,5.66,overcast clouds
21,Buraydah,SA,26.326,43.975,75.65,14,0,9.84,clear sky
22,Mar Del Plata,AR,-38.0023,-57.5575,66.22,77,0,20.0,clear sky
23,Dunedin,NZ,-45.8742,170.5036,55.8,67,8,8.01,clear sky
24,Grindavik,IS,63.8424,-22.4338,41.47,93,75,9.22,broken clouds
25,Upernavik,GL,72.7868,-56.1549,10.06,95,100,8.21,overcast clouds
26,Cape Town,ZA,-33.9258,18.4232,65.12,71,0,23.02,clear sky
27,Albany,US,42.6001,-73.9662,44.17,65,93,7.0,overcast clouds
28,Arraial Do Cabo,BR,-22.9661,-42.0278,76.86,88,75,12.66,broken clouds
29,Praia Da Vitoria,PT,38.7333,-27.0667,59.25,94,75,18.41,broken clouds
30,Georgetown,MY,5.4112,100.3354,78.73,93,20,3.44,few clouds
31,Ostrovnoy,RU,68.0531,39.5131,10.69,95,87,10.16,overcast clouds
32,New Norfolk,AU,-42.7826,147.0587,54.9,73,100,1.99,overcast clouds
33,Mataura,NZ,-46.1927,168.8643,53.98,70,20,4.68,few clouds
34,Nikolskoye,RU,59.7035,30.7861,28.8,95,80,2.89,broken clouds
35,Rikitea,PF,-23.1203,-134.9692,75.25,58,34,12.03,scattered clouds
36,Hobart,AU,-42.8794,147.3294,55.26,91,75,10.36,broken clouds
37,Kodiak,US,57.79,-152.4072,40.51,87,75,19.57,light rain
38,Barrow,US,71.2906,-156.7887,-5.78,71,0,17.27,clear sky
39,Ust-Ilimsk,RU,58.0006,102.6619,21.16,98,100,2.3,overcast clouds
40,Torbay,CA,47.6666,-52.7314,36.28,89,100,16.11,snow
41,Puerto Ayora,EC,-0.7393,-90.3518,84.16,91,31,8.01,scattered clouds
42,Buncrana,IE,55.1333,-7.45,41.13,91,100,7.2,light rain
43,Dikson,RU,73.5069,80.5464,-5.46,96,63,7.94,broken clouds
44,Khatanga,RU,71.9667,102.5,-0.87,98,99,3.47,overcast clouds
45,Tulsipur,NP,28.131,82.2973,70.0,28,0,6.58,clear sky
46,Port Alfred,ZA,-33.5906,26.891,62.19,97,98,7.67,overcast clouds
47,Kariba,ZW,-16.5167,28.8,69.57,80,0,3.76,clear sky
48,Denpasar,ID,-8.65,115.2167,74.86,100,40,1.14,scattered clouds
49,Trairi,BR,-3.2778,-39.2689,76.66,86,99,4.25,overcast clouds
50,Ushuaia,AR,-54.8,-68.3,44.26,70,20,19.57,few clouds
51,Camacha,PT,33.0833,-16.3333,58.42,88,40,2.3,scattered clouds
52,Atuona,PF,-9.8,-139.0333,78.87,78,25,7.29,light rain
53,Kapaa,US,22.0752,-159.319,80.58,71,40,16.11,scattered clouds
54,Caravelas,BR,-17.7125,-39.2481,77.88,78,0,6.42,clear sky
55,Viedma,AR,-40.8135,-62.9967,67.8,22,97,17.02,overcast clouds
56,Huazhou,CN,21.6333,110.5833,57.54,85,100,11.59,overcast clouds
57,Hualmay,PE,-11.0964,-77.6139,71.96,78,64,10.54,broken clouds
58,Manzhouli,CN,49.6,117.4333,28.49,75,7,6.87,clear sky
59,Road Town,VG,18.4167,-64.6167,82.44,65,20,16.11,few clouds
60,Hellvik,NO,59.9156,5.781,37.78,60,10,1.99,clear sky
61,Richards Bay,ZA,-28.783,32.0377,70.99,92,86,6.04,light rain
62,Acari,PE,-15.4311,-74.6158,75.7,62,62,7.45,broken clouds
63,Talara,PE,-4.5772,-81.2719,84.96,58,0,11.5,clear sky
64,Palmares Do Sul,BR,-30.2578,-50.5097,60.91,68,9,6.49,clear sky
65,Sulangan,PH,11.1373,123.7228,82.51,67,86,22.06,overcast clouds
66,San Patricio,US,28.017,-97.5169,82.49,47,96,16.6,overcast clouds
67,La Libertad,EC,-2.2333,-80.9,82.06,78,0,9.22,clear sky
68,Lebu,CL,-37.6167,-73.65,57.25,87,0,16.06,clear sky
69,Touros,BR,-5.1989,-35.4608,78.78,85,100,11.54,overcast clouds
70,Rio Grande,BR,-32.035,-52.0986,62.71,68,2,8.81,clear sky
71,Quatre Cocos,MU,-20.2078,57.7625,76.08,91,100,18.3,moderate rain
72,Jimeta,NG,9.2833,12.4667,86.9,11,87,3.2,overcast clouds
73,Bluff,NZ,-46.6,168.3333,57.49,73,79,16.69,broken clouds
74,Karratha,AU,-20.7377,116.8463,82.08,77,2,5.79,clear sky
75,Novyy Urengoy,RU,66.0833,76.6333,9.09,95,91,8.75,overcast clouds
76,Yellowknife,CA,62.456,-114.3525,0.28,61,20,11.5,few clouds
77,Port Elizabeth,ZA,-33.918,25.5701,64.69,83,40,13.8,light rain
78,Fairhope,US,30.523,-87.9033,78.03,30,0,5.75,clear sky
79,Alofi,NU,-19.0595,-169.9187,84.09,74,99,9.22,overcast clouds
80,Mufulira,ZM,-12.5498,28.2407,61.32,97,25,3.56,scattered clouds
81,Tuktoyaktuk,CA,69.4541,-133.0374,-16.6,76,20,5.75,few clouds
82,Prainha,BR,-1.8,-53.48,76.17,95,73,3.33,broken clouds
83,Oranjemund,NA,-28.55,16.4333,58.86,91,0,12.64,clear sky
84,Margate,GB,51.3813,1.3862,40.69,60,58,11.99,broken clouds
85,Faya,SA,18.3851,42.4509,64.51,18,35,6.06,scattered clouds
86,Srednekolymsk,RU,67.45,153.6833,-10.71,96,97,4.99,overcast clouds
87,Conde,BR,-7.2597,-34.9075,80.06,83,40,10.36,scattered clouds
88,Avera,US,33.194,-82.5271,73.38,36,13,9.71,few clouds
89,Asfi,MA,32.2994,-9.2372,58.08,80,4,20.62,clear sky
90,Hovd,MN,48.0056,91.6419,32.14,27,100,1.81,overcast clouds
91,Tamiahua,MX,21.2667,-97.45,81.41,66,59,12.8,broken clouds
92,Luderitz,NA,-26.6481,15.1594,61.59,70,0,18.72,clear sky
93,Pak Phanang,TH,8.3511,100.202,79.41,83,93,3.91,overcast clouds
94,Te Anau,NZ,-45.4167,167.7167,57.07,69,13,0.47,few clouds
95,Konch,IN,25.9833,79.15,79.52,10,0,4.9,clear sky
96,Bredasdorp,ZA,-34.5322,20.0403,63.75,72,93,11.99,light rain
97,Hobyo,SO,5.3505,48.5268,81.23,74,1,13.91,clear sky
98,Kimbe,PG,-5.5502,150.1429,75.38,89,100,3.36,overcast clouds
99,Xining,CN,36.6167,101.7667,31.26,65,8,3.15,clear sky
100,Cayenne,GF,4.9333,-52.3333,78.1,1,100,2.3,overcast clouds
101,Loandjili,CG,-4.7561,11.8578,76.69,86,100,1.36,overcast clouds
102,Alamos,MX,27.0167,-108.9333,86.86,11,56,10.18,broken clouds
103,Luau,AO,-10.7073,22.2247,65.1,95,26,2.48,light rain
104,Belaya Gora,RU,68.5333,146.4167,-10.8,100,100,0.81,overcast clouds
105,La Ronge,CA,55.1001,-105.2842,26.85,59,100,19.57,overcast clouds
106,Nanortalik,GL,60.1432,-45.2371,35.74,88,99,1.83,overcast clouds
107,Victoria,HK,22.2855,114.1577,61.32,80,100,14.0,overcast clouds
108,Cockburn Town,TC,21.4612,-71.1419,80.56,65,40,14.97,scattered clouds
109,Kholodnyy,RU,62.7167,147.95,-0.42,81,100,3.15,overcast clouds
110,Vaini,TO,-21.2,-175.2,82.56,83,75,3.44,broken clouds
111,Ostersund,SE,63.1792,14.6357,23.45,68,38,9.22,scattered clouds
112,Sitka,US,57.0531,-135.33,39.09,81,100,9.22,moderate rain
113,Asau,RO,46.4333,26.4,52.95,78,100,4.97,overcast clouds
114,Camabatela,AO,-8.1881,15.375,60.67,95,81,2.13,broken clouds
115,Tikrit,IQ,34.6071,43.6782,70.65,22,1,8.99,clear sky
116,Puerto Baquerizo Moreno,EC,-0.9,-89.6,81.59,89,75,10.36,broken clouds
117,Dargaville,NZ,-35.9333,173.8833,71.67,59,7,1.99,clear sky
118,Zheleznodorozhnyy,RU,55.7503,38.0042,34.32,92,100,12.19,overcast clouds
119,Sur,OM,22.5667,59.5289,82.63,33,0,7.47,clear sky
120,Ponta Do Sol,PT,32.6667,-17.1,64.0,84,100,1.21,overcast clouds
121,Doctor Juan Leon Mallorquin,PY,-25.4,-55.2667,74.93,82,48,4.0,scattered clouds
122,Gravelbourg,CA,49.8834,-106.5512,44.87,39,93,19.01,overcast clouds
123,Brive-La-Gaillarde,FR,45.25,1.5,33.84,55,87,7.02,light snow
124,Geraldton,AU,-28.7667,114.6,73.81,78,9,14.97,clear sky
125,Bethel,US,41.3712,-73.414,48.56,80,85,10.0,overcast clouds
126,Los Llanos De Aridane,ES,28.6585,-17.9182,60.55,83,100,5.75,overcast clouds
127,Krabi,TH,8.0726,98.9105,82.06,95,20,2.3,few clouds
128,San Quintin,MX,30.4833,-115.95,63.79,59,0,11.21,clear sky
129,Pisco,PE,-13.7,-76.2167,71.65,68,20,17.27,few clouds
130,Lakselv,NO,70.0513,24.9718,24.62,63,40,13.8,scattered clouds
131,Ekibastuz,KZ,51.6667,75.3667,33.62,75,11,10.74,few clouds
132,Husavik,IS,66.0449,-17.3389,35.58,86,96,6.98,overcast clouds
133,Hilo,US,19.7297,-155.09,77.25,87,100,5.75,heavy intensity rain
134,Noumea,NC,-22.2763,166.4572,82.99,99,83,4.34,broken clouds
135,Yarkovo,RU,57.4028,67.0786,12.51,99,100,2.39,overcast clouds
136,Bay Roberts,CA,47.5999,-53.2648,36.05,82,100,5.01,light rain
137,Avarua,CK,-21.2078,-159.775,84.25,74,87,10.36,overcast clouds
138,Inhambane,MZ,-23.865,35.3833,76.17,81,0,7.09,clear sky
139,Thurles,IE,52.6819,-7.8022,41.83,81,100,9.42,overcast clouds
140,Danville,US,36.586,-79.395,61.45,36,0,17.27,clear sky
141,Tazovskiy,RU,67.4667,78.7,1.76,100,92,8.12,overcast clouds
142,Kavaratti,IN,10.5669,72.642,82.22,75,30,7.56,scattered clouds
143,Lata,PT,40.1629,-8.3327,42.64,77,1,3.83,clear sky
144,Butaritari,KI,3.0707,172.7902,82.26,77,97,21.56,overcast clouds
145,Talnakh,RU,69.4865,88.3972,11.21,95,100,7.31,light snow
146,San Cristobal,VE,7.7669,-72.225,78.98,41,64,5.46,broken clouds
147,Dawei,MM,14.0833,98.2,77.79,72,10,9.19,clear sky
148,Broome,US,42.2506,-75.833,41.63,66,100,16.11,overcast clouds
149,Inirida,CO,3.8653,-67.9239,83.61,70,100,1.54,overcast clouds
150,Hollola,FI,61.05,25.4333,17.28,92,16,2.24,few clouds
151,Teya,RU,60.3778,92.6267,11.16,98,100,2.75,overcast clouds
152,Codrington,AU,-38.2667,141.9667,58.64,74,100,6.64,overcast clouds
153,Provideniya,RU,64.3833,-173.3,26.85,88,100,9.98,overcast clouds
154,Uribia,CO,11.7139,-72.266,89.13,46,90,19.08,overcast clouds
155,Gambo,CF,4.6482,22.2633,71.82,85,85,1.83,overcast clouds
156,Tchibanga,GA,-2.85,11.0333,72.18,98,100,1.95,overcast clouds
157,Kudahuvadhoo,MV,2.6708,72.8944,82.31,71,31,5.84,scattered clouds
158,Palmer,US,42.1584,-72.3287,48.81,61,100,20.71,overcast clouds
159,Prince Rupert,CA,54.3161,-130.3201,42.49,93,100,16.11,light rain
160,Manchester,GB,53.4809,-2.2374,40.37,86,75,3.44,broken clouds
161,Norman Wells,CA,65.282,-126.8329,-7.56,54,20,4.61,few clouds
162,Shache,CN,38.4167,77.2406,50.72,33,34,5.95,scattered clouds
163,Ocean City,US,39.2776,-74.5746,55.0,42,64,14.0,broken clouds
164,Najran,SA,17.4924,44.1277,66.85,18,3,1.79,clear sky
165,Baykit,RU,61.67,96.37,-1.89,100,85,0.54,overcast clouds
166,Ancud,CL,-41.8697,-73.8203,59.23,89,10,6.8,clear sky
167,Maromitsa,RU,59.8683,48.0123,6.03,98,31,3.42,scattered clouds
168,Carnarvon,AU,-24.8667,113.6333,75.27,94,75,6.91,broken clouds
169,Dubti,ET,11.7361,41.0853,83.37,42,0,11.34,clear sky
170,Tuatapere,NZ,-46.1333,167.6833,54.37,70,28,2.55,scattered clouds
171,Qasigiannguit,GL,68.8193,-51.1922,28.65,90,38,3.15,scattered clouds
172,Hithadhoo,MV,-0.6,73.0833,82.53,73,6,9.06,clear sky
173,Laguna,US,38.421,-121.4238,78.3,32,0,5.75,clear sky
174,Turtas,RU,58.9417,69.1325,6.24,99,72,3.33,broken clouds
175,Corinto,GR,37.9407,22.9573,58.89,77,0,6.8,clear sky
176,Saint-Philippe,RE,-21.3585,55.7679,72.99,93,100,20.33,heavy intensity rain
177,Saint George,US,37.1041,-113.5841,75.94,17,0,4.61,clear sky
178,Saldanha,ZA,-33.0117,17.9442,60.85,79,0,23.0,clear sky
179,Coihaique,CL,-45.5752,-72.0662,62.55,45,40,4.61,scattered clouds
180,Jining,CN,35.405,116.5814,41.59,56,0,7.9,clear sky
181,Tasca,RO,46.9,26.0167,52.65,93,100,4.41,overcast clouds
182,Naze,JP,28.3667,129.4833,61.72,67,100,16.31,overcast clouds
183,Sao Joao Da Barra,BR,-21.6403,-41.0511,78.89,84,36,6.26,light rain
184,Klaksvik,FO,62.2266,-6.589,34.72,76,99,19.71,overcast clouds
185,Esperance,AU,-33.8667,121.9,60.64,71,11,15.05,few clouds
186,Lavrentiya,RU,65.5833,-171.0,16.11,72,100,11.99,overcast clouds
187,Skara,SE,58.3866,13.4384,27.63,74,13,2.06,few clouds
188,Yumen,CN,40.2833,97.2,38.01,22,0,5.77,clear sky
189,Mount Gambier,AU,-37.8333,140.7667,46.31,93,44,5.75,scattered clouds
190,Port-Gentil,GA,-0.7193,8.7815,78.98,87,100,11.21,moderate rain
191,Tiksi,RU,71.6872,128.8694,16.18,94,100,6.44,overcast clouds
192,Monastyrshchina,RU,54.3496,31.838,31.71,92,100,15.21,overcast clouds
193,Olinda,BR,-8.0089,-34.8553,83.93,70,75,8.05,broken clouds
194,Waw,SS,7.7029,27.9953,85.59,27,34,2.44,scattered clouds
195,Qixingtai,CN,30.4135,111.8874,50.52,76,97,3.0,overcast clouds
196,Coquimbo,CL,-29.9533,-71.3436,58.73,82,40,11.5,scattered clouds
197,Naftalan,AZ,40.5067,46.825,58.42,44,93,1.19,overcast clouds
198,Okhotsk,RU,59.3833,143.3,7.84,70,65,17.27,broken clouds
199,Celestun,MX,20.8667,-90.4,80.94,79,33,10.13,scattered clouds
200,Olga,RU,43.7444,135.2892,33.26,48,0,4.72,clear sky
201,Kaitangata,NZ,-46.2817,169.8464,54.23,68,29,7.99,scattered clouds
202,Rabat,MA,33.9911,-6.8401,59.16,89,20,0.0,few clouds
203,Nabire,ID,-3.3667,135.4833,76.26,77,100,3.8,overcast clouds
204,Severo-Kurilsk,RU,50.6789,156.125,27.54,66,98,25.72,overcast clouds
205,Cidreira,BR,-30.1811,-50.2056,63.21,64,6,6.24,clear sky
206,Mahebourg,MU,-20.4081,57.7,76.24,94,75,17.27,broken clouds
207,Estelle,US,29.8458,-90.1067,75.2,38,40,4.61,scattered clouds
208,Pangnirtung,CA,66.1451,-65.7125,21.2,93,75,3.44,broken clouds
209,Manaure,CO,11.7751,-72.4445,86.79,53,98,15.99,overcast clouds
210,Port Lincoln,AU,-34.7333,135.8667,61.81,71,28,15.03,scattered clouds
211,Iskateley,RU,67.6803,53.1512,7.52,90,84,9.31,broken clouds
212,Constitucion,CL,-35.3333,-72.4167,61.79,73,11,16.42,few clouds
213,Saskylakh,RU,71.9167,114.0833,2.19,97,97,6.58,overcast clouds
214,Vao,NC,-22.6667,167.4833,79.72,88,61,15.52,broken clouds
215,Hokitika,NZ,-42.7167,170.9667,64.35,71,99,1.97,overcast clouds
216,Tadepallegudem,IN,16.8333,81.5,77.45,94,10,3.29,clear sky
217,Kurchum,KZ,48.5722,83.6542,34.9,52,100,4.27,overcast clouds
218,Ullapool,GB,57.8987,-5.1604,38.35,97,83,2.93,broken clouds
219,Rafsanjan,IR,30.4067,55.9939,63.36,16,0,0.87,clear sky
220,Honiara,SB,-9.4333,159.95,79.74,82,99,2.33,overcast clouds
221,Pangoa,PE,-12.1167,-73.0,58.46,100,100,1.19,overcast clouds
222,Aykhal,RU,66.0,111.5,-2.18,100,82,10.8,broken clouds
223,Lovozero,RU,68.005,35.0117,6.24,79,81,4.88,broken clouds
224,Sioux Lookout,CA,50.1001,-91.917,42.87,31,75,12.66,broken clouds
225,Mallaig,CA,54.2169,-111.3685,34.09,63,100,6.13,overcast clouds
226,Candeias,BR,-20.7676,-45.2764,67.35,87,66,4.68,broken clouds
227,Yar-Sale,RU,66.8333,70.8333,6.55,91,52,11.43,broken clouds
228,Andenes,NO,69.3143,16.1194,30.92,93,100,20.71,heavy snow
229,Hamilton,US,39.1834,-84.5333,44.89,57,100,14.97,overcast clouds
230,Pemberton,CA,50.3164,-122.8027,46.51,92,98,5.37,overcast clouds
231,Sumbe,AO,-11.2061,13.8437,78.1,87,99,7.2,overcast clouds
232,Tual,ID,-5.6667,132.75,82.2,72,52,6.04,broken clouds
233,Port Macquarie,AU,-31.4333,152.9167,61.9,65,63,9.84,broken clouds
234,Bandarbeyla,SO,9.4942,50.8122,78.82,78,5,8.55,clear sky
235,Port Hedland,AU,-20.3167,118.5667,78.85,89,14,5.75,few clouds
236,Manokwari,ID,-0.8667,134.0833,79.3,80,100,5.26,overcast clouds
237,Muros,ES,42.7762,-9.0603,42.84,72,1,10.67,clear sky
238,Egvekinot,RU,66.3167,-179.1667,10.76,83,100,10.76,overcast clouds
239,Bathsheba,BB,13.2167,-59.5167,83.01,61,20,19.57,few clouds
240,Swan Hill,AU,-35.3378,143.5544,56.93,66,100,12.33,overcast clouds
241,Grobina,LV,56.5352,21.1678,29.98,64,0,10.36,clear sky
242,Ibresi,RU,55.2961,47.0394,29.84,98,100,11.41,light snow
243,Chamrajnagar,IN,11.9167,76.95,73.83,65,11,1.54,few clouds
244,Lanzhou,CN,36.0564,103.7922,41.95,29,0,0.69,clear sky
245,Charters Towers,AU,-20.1,146.2667,75.07,77,83,9.28,broken clouds
246,Taltal,CL,-25.4,-70.4833,65.21,72,24,3.87,few clouds
247,Portland,US,45.5234,-122.6762,63.1,47,40,5.75,scattered clouds
248,Yulara,AU,-25.2406,130.9889,64.24,29,100,4.61,overcast clouds
249,Vestmannaeyjar,IS,63.4427,-20.2734,43.7,77,97,2.55,overcast clouds
250,Goderich,CA,43.7501,-81.7165,34.12,64,97,16.11,overcast clouds
251,Huarmey,PE,-10.0681,-78.1522,73.2,76,69,10.54,broken clouds
252,Piura,PE,-5.2,-80.6333,82.47,55,100,12.73,overcast clouds
253,Vaitape,PF,-16.5167,-151.75,80.67,75,100,1.5,moderate rain
254,Saint-Joseph,RE,-21.3667,55.6167,71.98,92,100,19.24,heavy intensity rain
255,Pevek,RU,69.7008,170.3133,-9.09,94,100,4.85,overcast clouds
256,Katobu,ID,-4.9408,122.5276,74.7,92,100,3.94,overcast clouds
257,Byron Bay,AU,-28.65,153.6167,67.95,69,6,1.99,clear sky
258,Salalah,OM,17.0151,54.0924,79.79,38,0,2.8,clear sky
259,Kruisfontein,ZA,-34.0033,24.7314,61.88,84,2,5.79,clear sky
260,Chenzhou,CN,25.8,113.0333,47.01,94,100,3.31,overcast clouds
261,Ures,MX,29.4333,-110.4,85.14,13,0,15.86,clear sky
262,Coruripe,BR,-10.1256,-36.1756,78.58,81,100,8.57,overcast clouds
263,Le Port,RE,-20.9373,55.2919,75.16,89,100,7.47,moderate rain
264,San Borja,BO,-14.8167,-66.85,59.45,69,100,2.42,overcast clouds
265,Iqaluit,CA,63.7506,-68.5145,24.53,100,100,5.01,overcast clouds
266,Nowy Targ,PL,49.4778,20.0323,33.4,98,100,2.75,overcast clouds
267,Olsztyn,PL,53.7799,20.4942,35.56,52,100,14.12,overcast clouds
268,Padang,ID,-0.9492,100.3543,74.64,68,1,4.85,clear sky
269,Tashtagol,RU,52.7657,87.8894,29.88,96,99,1.95,overcast clouds
270,Rawson,AR,-43.3002,-65.1023,74.71,18,12,12.5,few clouds
271,Thompson,CA,55.7435,-97.8558,23.16,68,100,13.8,overcast clouds
272,Pingdu,CN,36.7844,119.9464,40.12,45,100,5.28,overcast clouds
273,Nambucca Heads,AU,-30.65,153.0,64.4,68,0,4.59,clear sky
274,Bubaque,GW,11.2833,-15.8333,74.88,74,2,19.57,clear sky
275,Vikulovo,RU,56.8167,70.6107,19.53,97,100,6.49,overcast clouds
276,Chuy,UY,-33.6971,-53.4616,55.99,75,41,7.09,scattered clouds
277,Staryy Nadym,RU,65.6118,72.6842,10.76,91,100,8.99,overcast clouds
278,Sao Filipe,CV,14.8961,-24.4956,71.58,80,17,9.31,few clouds
279,Tura,IN,25.5198,90.2201,68.79,92,26,4.97,scattered clouds
280,Edson,CA,53.5835,-116.4356,44.74,33,0,3.44,clear sky
281,Terrace,CA,54.5163,-128.6035,42.71,93,100,19.57,light rain
282,Itarema,BR,-2.9248,-39.9167,77.0,87,87,7.56,overcast clouds
283,Alta Floresta,BR,-9.8756,-56.0861,72.9,97,45,4.23,scattered clouds
284,Kennett,US,36.2362,-90.0556,56.25,51,0,5.01,clear sky
285,Beloha,MG,-25.1667,45.05,71.89,77,0,6.29,clear sky
286,Isla Mujeres,MX,21.2311,-86.731,84.16,77,8,16.33,clear sky
287,Atotonilco El Alto,MX,20.55,-102.5167,88.57,6,64,10.65,broken clouds
288,Matucana,PE,-11.85,-76.4,60.69,95,100,6.17,overcast clouds
289,Ankang,CN,32.68,109.0172,52.0,72,99,0.67,overcast clouds
290,Nobres,BR,-14.7203,-56.3275,63.77,88,100,5.37,overcast clouds
291,Altamira,BR,-3.2033,-52.2064,86.09,74,40,5.75,scattered clouds
292,Belmonte,BR,-15.8631,-38.8828,78.93,78,1,7.65,clear sky
293,Abu Samrah,SY,35.3029,37.1841,62.51,39,97,4.99,overcast clouds
294,Sola,VU,-13.8833,167.55,79.47,100,100,1.14,light rain
295,Chapais,CA,49.7834,-74.8492,20.98,87,100,12.62,overcast clouds
296,Fairbanks,US,64.8378,-147.7164,25.25,30,0,17.27,clear sky
297,Vostok,RU,46.4856,135.8833,18.18,87,9,4.54,clear sky
298,Lompoc,US,34.6391,-120.4579,74.79,66,0,13.8,clear sky
299,Bambous Virieux,MU,-20.3428,57.7575,76.21,94,75,17.27,moderate rain
300,Thung Song,TH,8.1645,99.6804,74.01,91,94,1.32,overcast clouds
301,Sao Pedro Do Sul,BR,-29.6206,-54.1789,65.05,67,0,5.93,clear sky
302,Peace River,CA,56.2501,-117.286,35.91,86,75,5.75,broken clouds
303,Benguela,AO,-12.5763,13.4055,76.51,86,99,4.09,light rain
304,Dicabisagan,PH,17.0818,122.4157,76.26,84,85,4.97,light rain
305,Rafai,CF,4.95,23.9167,74.01,60,27,2.71,scattered clouds
306,Tiznit,MA,29.5833,-9.5,59.65,69,0,1.63,clear sky
307,Biloela,AU,-24.4167,150.5,72.19,69,0,3.13,clear sky
308,Beringovskiy,RU,63.05,179.3167,25.86,95,100,9.64,snow
309,Gamba,GA,-2.65,10.0,76.95,92,100,6.73,light rain
310,Kungurtug,RU,50.5994,97.5228,13.05,86,98,2.15,overcast clouds
311,Airai,TL,-8.9266,125.4092,57.02,75,55,1.66,broken clouds
312,Dusti,TJ,37.3481,68.664,62.26,28,88,2.86,overcast clouds
313,Sieghartskirchen,AT,48.2553,16.0122,39.51,79,100,3.0,overcast clouds
314,Satuk,TR,41.2263,32.3836,56.73,57,60,6.17,broken clouds
315,Winnemucca,US,40.973,-117.7357,60.85,21,0,5.75,clear sky
316,Moroni,KM,-11.7022,43.2551,79.11,81,8,4.38,clear sky
317,Ilhabela,BR,-23.7781,-45.3581,71.69,92,99,9.08,overcast clouds
318,Ulladulla,AU,-35.35,150.4667,59.9,77,99,19.82,light rain
319,Bani,DO,18.2833,-70.3333,81.84,67,9,14.47,clear sky
320,Puerto Ayacucho,VE,5.6639,-67.6236,92.07,44,91,5.59,overcast clouds
321,Petropavlovsk-Kamchatskiy,RU,53.0452,158.6483,27.19,46,0,13.42,clear sky
322,Iwaki,JP,37.05,140.8833,38.01,59,9,5.64,clear sky
323,Inawashiro,JP,37.5667,140.1167,32.52,70,43,4.03,scattered clouds
324,Lawang,ID,-7.8353,112.6947,70.34,89,100,3.24,overcast clouds
325,Rawlins,US,41.7911,-107.2387,49.35,28,29,26.4,scattered clouds
326,Sinnamary,GF,5.3833,-52.95,77.13,90,100,9.73,light rain
327,Bengkulu,ID,-3.8004,102.2655,75.38,85,15,4.54,few clouds
328,Salinas,US,36.6777,-121.6555,77.56,67,20,11.5,few clouds
329,Lasa,IT,46.6166,10.7002,38.28,96,100,4.56,overcast clouds
330,Elverum,NO,60.8819,11.5623,28.6,92,47,2.35,scattered clouds
331,Lermontovka,RU,47.1453,134.3383,25.77,80,14,2.77,few clouds
332,Stokmarknes,NO,68.5646,14.9108,31.96,93,100,12.66,light snow
333,Berdigestyakh,RU,62.0989,126.6992,18.82,98,100,3.58,overcast clouds
334,Juneau,US,58.3019,-134.4197,40.84,94,100,9.22,light rain
335,Raudeberg,NO,61.9875,5.1352,32.67,82,31,4.54,scattered clouds
336,Hasaki,JP,35.7333,140.8333,41.29,53,50,12.62,scattered clouds
337,Pires Do Rio,BR,-17.2997,-48.2794,76.01,59,49,4.16,scattered clouds
338,Jabinyanah,TN,35.035,10.9081,58.8,64,69,17.31,broken clouds
339,Jiaojiang,CN,28.6803,121.4428,44.51,86,95,6.44,overcast clouds
340,Yarovoye,RU,52.9273,78.58,29.41,90,38,9.01,scattered clouds
341,Sabang,ID,5.8933,95.3214,83.23,71,100,7.47,overcast clouds
342,Mason City,US,43.1536,-93.201,49.08,46,98,7.78,overcast clouds
343,Zinder,NE,13.8072,8.9881,81.0,7,0,8.34,clear sky
344,Jalor,IN,25.35,72.6167,79.45,16,0,6.96,clear sky
345,Kawalu,ID,-7.3817,108.2082,72.52,96,99,2.24,overcast clouds
346,Methven,NZ,-43.6333,171.65,62.02,75,17,1.99,few clouds
347,Asyut,EG,27.181,31.1837,75.97,8,29,5.35,scattered clouds
348,Maumere,ID,-8.6199,122.2111,78.75,80,31,4.43,scattered clouds
349,Almaznyy,RU,48.0448,40.045,56.07,50,100,8.88,light rain
350,Banda Aceh,ID,5.5577,95.3222,80.8,76,100,4.79,overcast clouds
351,Leshukonskoye,RU,64.8989,45.7622,11.89,97,57,3.4,broken clouds
352,Northam,GB,51.0333,-4.2167,42.62,69,70,11.56,broken clouds
353,Meulaboh,ID,4.1363,96.1285,78.22,83,100,0.85,heavy intensity rain
354,Narsaq,GL,60.9167,-46.05,37.6,70,91,5.37,overcast clouds
355,Isiro,CD,2.7739,27.616,71.28,67,68,1.25,broken clouds
356,Ternate,ID,0.8,127.4,80.67,79,71,5.97,broken clouds
357,Jiazi,CN,22.8779,116.067,58.32,83,100,11.63,overcast clouds
358,Ayagoz,KZ,47.9714,80.4392,29.44,79,100,4.61,overcast clouds
359,Verrettes,HT,19.05,-72.4667,82.53,63,86,6.8,overcast clouds
360,San Lawrenz,MT,36.0553,14.204,57.85,79,8,8.16,clear sky
361,Katsuura,JP,35.1333,140.3,46.31,63,74,11.65,broken clouds
362,Cabo San Lucas,MX,22.8909,-109.9124,84.61,61,2,11.34,clear sky
363,Port Blair,IN,11.6667,92.75,77.04,94,20,2.3,mist
364,Schattdorf,CH,46.8655,8.6547,33.71,98,100,3.4,snow
365,Wonthaggi,AU,-38.6044,145.5913,60.82,73,100,17.65,overcast clouds
366,Qena,EG,26.1615,32.7183,78.1,12,57,1.92,broken clouds
367,Abapo,BO,-18.8333,-63.4667,63.27,48,5,4.27,clear sky
368,Fortuna,US,40.5982,-124.1573,59.86,72,20,16.11,few clouds
369,Dingle,PH,10.9995,122.6711,75.33,84,91,8.63,overcast clouds
370,Lixourion,GR,38.2019,20.4314,57.18,84,6,20.36,clear sky
371,Mosetse,BW,-20.75,26.65,70.03,34,0,11.27,clear sky
372,Santa Cruz,BO,-17.8,-63.1667,71.65,37,75,13.8,broken clouds
373,Manoel Urbano,BR,-8.8389,-69.2597,64.22,85,100,5.53,overcast clouds
374,Comodoro Rivadavia,AR,-45.8667,-67.5,75.06,19,0,10.36,clear sky
375,Roma,US,43.2128,-75.4557,38.95,80,100,21.85,overcast clouds
376,Luba,GQ,3.4568,8.5547,80.33,85,90,9.51,light rain
377,Maunabo,PR,18.0072,-65.8993,81.7,77,35,14.76,scattered clouds
378,Cumra,TR,37.5732,32.7745,51.64,44,47,8.63,light rain
379,Kenai,US,60.5544,-151.2583,45.03,49,0,19.57,clear sky
380,Tilichiki,RU,60.4667,166.1,9.39,85,79,11.63,broken clouds
381,Nome,US,64.5011,-165.4064,28.17,64,9,4.16,clear sky
382,Kalmunai,LK,7.4167,81.8167,77.49,85,41,7.81,scattered clouds
383,Yeppoon,AU,-23.1333,150.7333,73.18,71,12,10.42,few clouds
384,Mildura,AU,-34.2,142.15,54.07,71,96,8.05,overcast clouds
385,Ranong,TH,9.9658,98.6348,77.99,85,65,3.87,broken clouds
386,Acarau,BR,-2.8856,-40.12,77.68,86,90,8.68,overcast clouds
387,Tautira,PF,-17.7333,-149.15,80.82,78,37,9.57,light rain
388,Roseland,US,38.4221,-122.728,79.9,46,14,8.01,few clouds
389,Uyuni,BO,-20.4597,-66.825,59.09,20,1,11.86,clear sky
390,Kameshkovo,RU,56.3481,41.0047,30.25,89,100,11.39,overcast clouds
391,Baghdad,IQ,33.3406,44.4009,62.51,25,0,8.05,clear sky
392,Krasnyy Chikoy,RU,50.3643,108.7512,20.44,93,96,1.59,overcast clouds
393,Ukiah,US,39.1502,-123.2078,78.44,43,0,7.0,clear sky
394,Moranbah,AU,-22.0016,148.0466,74.89,71,2,9.82,clear sky
395,North Bend,US,43.4065,-124.2243,62.24,78,0,17.27,clear sky
396,Chumphon,TH,10.3333,98.8333,71.4,96,78,1.19,broken clouds
397,Haines Junction,CA,60.7522,-137.5108,28.35,59,100,4.61,overcast clouds
398,Catamarca,AR,-28.4696,-65.7852,68.77,43,0,7.0,clear sky
399,Mayo,US,38.8876,-76.5119,53.87,47,0,25.01,clear sky
400,Tucupita,VE,9.0622,-62.051,81.41,63,46,7.92,scattered clouds
401,Puerto Leguizamo,CO,-0.1934,-74.7819,78.06,86,99,2.15,overcast clouds
402,Sept-Iles,CA,50.2001,-66.3821,33.06,96,100,12.66,mist
403,Buta,CD,2.7858,24.73,68.77,98,80,1.52,broken clouds
404,Roald,NO,62.5833,6.1333,35.76,93,25,4.61,scattered clouds
405,Ligayan,PH,4.6533,119.4706,83.01,74,73,12.06,broken clouds
406,Hachinohe,JP,40.5,141.5,36.73,56,66,11.16,broken clouds
407,Bandrele,YT,-12.9067,45.1914,78.55,89,0,2.3,light rain
408,Bethanien,NA,-26.502,17.1583,70.09,33,0,6.06,clear sky
409,Zaozerne,UA,45.1582,33.2787,56.57,61,23,23.49,few clouds
410,Concepcion Del Oro,MX,24.6333,-101.4167,79.25,6,6,15.41,clear sky
411,Makakilo City,US,21.3469,-158.0858,78.57,66,40,13.8,scattered clouds
412,Zuya,UA,45.0531,34.3154,62.94,42,45,13.31,scattered clouds
413,Gizo,SB,-8.103,156.8419,79.93,82,100,9.57,light rain
414,Tutoia,BR,-2.7619,-42.2744,76.66,85,56,5.59,broken clouds
415,Bonthe,SL,7.5264,-12.505,79.05,88,100,7.29,overcast clouds
416,Mookane,BW,-23.688,26.6595,72.86,37,24,4.32,few clouds
417,Sibolga,ID,1.7427,98.7792,75.06,85,71,4.47,broken clouds
418,College,US,64.8569,-147.8028,25.23,30,0,17.27,clear sky
419,Grand Gaube,MU,-20.0064,57.6608,76.37,89,100,11.99,light rain
420,Bani Walid,LY,31.7566,13.9942,64.18,40,0,6.08,clear sky
421,Puri,IN,19.8,85.85,81.12,89,5,23.04,clear sky
422,Saint-Augustin,CA,51.226,-58.6502,32.34,98,100,16.73,snow
423,Taoudenni,ML,22.6783,-3.9836,80.78,6,98,1.66,overcast clouds
424,Portobelo,PA,9.55,-79.65,82.49,79,80,11.56,broken clouds
425,Kortkeros,RU,61.8106,51.5806,6.8,99,58,2.44,broken clouds
426,Mehamn,NO,71.0357,27.8492,26.55,86,75,14.97,broken clouds
427,Polunochnoye,RU,60.8697,60.4153,6.15,97,19,3.91,few clouds
428,Christchurch,NZ,-43.5333,172.6333,63.41,82,40,3.44,scattered clouds
429,Kayerkan,RU,69.3497,87.7602,10.53,92,100,7.2,overcast clouds
430,Ducheng,CN,23.2373,111.5317,56.03,89,100,3.49,overcast clouds
431,Carnot,CF,4.9409,15.8665,70.38,91,98,2.15,overcast clouds
432,Belyye Berega,RU,53.2085,34.6641,33.98,97,100,10.07,overcast clouds
433,Tamala,RU,52.541,43.2515,39.52,93,100,9.44,overcast clouds
434,Berberati,CF,4.2612,15.7922,70.57,91,100,3.33,overcast clouds
435,Port Hueneme,US,34.1478,-119.1951,79.2,72,23,5.99,few clouds
436,Liuhe,CN,42.2401,125.7172,31.64,46,9,6.2,clear sky
437,Dingli,MT,35.8614,14.3822,56.8,88,0,4.61,clear sky
438,Kuvandyk,RU,51.4781,57.3552,34.95,86,100,5.48,overcast clouds
439,Guerrero Negro,MX,27.9769,-114.0611,65.61,55,2,16.06,clear sky
440,Souillac,MU,-20.5167,57.5167,75.58,94,75,17.27,moderate rain
441,Auki,SB,-8.7676,160.7034,79.27,84,87,1.7,light rain
442,Dalby,AU,-27.1833,151.2667,68.99,83,43,1.01,scattered clouds
443,Longyearbyen,SJ,78.2186,15.6401,-2.36,71,20,11.5,few clouds
444,Nizwa,OM,22.9333,57.5333,75.78,24,0,1.86,clear sky
445,Samarai,PG,-10.6167,150.6667,80.29,78,100,11.5,light rain
446,Hambantota,LK,6.1241,81.1185,75.54,100,20,1.14,few clouds
447,Khor,RU,47.8861,134.9464,17.92,92,17,6.6,few clouds
448,Chakwal,PK,32.9334,72.8585,69.03,16,0,3.67,clear sky
449,Hukuntsi,BW,-24.0,21.75,72.16,60,33,10.04,scattered clouds
450,Hearst,CA,49.6835,-83.6665,35.85,86,81,7.4,broken clouds
451,Araouane,ML,18.9048,-3.5265,84.47,11,100,8.41,overcast clouds
452,Mujiayingzi,CN,42.1167,118.7833,33.06,63,2,6.89,clear sky
453,Voh,NC,-20.9667,164.7,82.13,81,75,4.16,broken clouds
454,Dejen,ET,10.1667,38.1333,63.57,37,81,4.21,broken clouds
455,Alexandria,EG,31.2156,29.9553,64.36,77,0,4.61,clear sky
456,Nenjiang,CN,49.1833,125.2167,31.78,67,0,4.63,clear sky
457,Gat,IL,31.61,34.7642,74.39,46,100,1.45,overcast clouds
458,Vanavara,RU,60.34,102.2797,6.98,98,98,4.36,overcast clouds
459,Bhachau,IN,23.2833,70.35,79.74,36,0,8.25,clear sky
460,Grand Terrace,US,34.0339,-117.3137,83.26,49,0,5.99,clear sky
461,Porto Novo,BJ,6.4965,2.6036,80.42,82,100,11.03,overcast clouds
462,Shebunino,RU,46.4339,141.8603,33.15,58,75,6.93,broken clouds
463,Solwezi,ZM,-12.1688,26.3894,60.66,98,22,3.91,light rain
464,Port Hardy,CA,50.6996,-127.4199,46.58,76,100,11.5,light intensity shower rain
465,Cherskiy,RU,68.75,161.3,-16.69,97,100,3.83,overcast clouds
466,Nhulunbuy,AU,-12.2333,136.7667,75.81,94,57,0.0,broken clouds
467,Ilulissat,GL,69.2167,-51.1,21.7,85,5,6.15,clear sky
468,Camana,PE,-16.6228,-72.7111,70.48,72,38,5.14,scattered clouds
469,Chimbote,PE,-9.0853,-78.5783,72.39,75,72,10.0,broken clouds
470,Godfrey,US,38.9556,-90.1868,54.91,48,50,4.0,scattered clouds
471,Severo-Yeniseyskiy,RU,60.3725,93.0408,9.32,97,100,3.0,overcast clouds
472,Fare,PF,-16.7,-151.0167,81.48,73,100,3.96,overcast clouds
473,Les Cayes,HT,18.2,-73.75,80.47,69,13,10.04,few clouds
474,Morwell,AU,-38.2333,146.4,56.34,93,100,2.82,light rain
475,Atar,MR,20.5169,-13.0499,78.8,14,14,6.22,few clouds
476,Batagay-Alyta,RU,67.8006,130.4114,-9.92,98,42,3.74,scattered clouds
477,Vardo,NO,70.3705,31.1107,28.33,67,100,20.15,overcast clouds
478,Rochegda,RU,62.8,43.25,1.72,99,63,1.66,broken clouds
479,Gorom-Gorom,BF,14.4439,-0.2361,89.01,6,96,4.43,overcast clouds
480,Kharan,PK,28.5833,65.4167,73.44,7,0,8.55,clear sky
481,Brae,GB,60.3964,-1.353,37.65,71,27,7.99,scattered clouds
482,Jalu,LY,29.0331,21.5482,70.99,23,100,12.55,overcast clouds
483,Plonsk,PL,52.6235,20.3755,32.04,90,100,18.86,light snow
484,Kozhva,RU,65.1073,57.0459,10.92,96,73,6.71,broken clouds
485,Obigarm,TJ,38.7173,69.7088,49.82,57,92,6.82,overcast clouds
486,Nelson Bay,AU,-32.7167,152.15,64.0,75,98,20.18,overcast clouds
487,Banfora,BF,10.6333,-4.7667,92.26,28,99,2.59,overcast clouds
488,Seoul,KR,37.5683,126.9778,38.64,81,0,6.91,clear sky
489,Fuerte Olimpo,PY,-21.0415,-57.8738,68.18,51,71,4.72,broken clouds
490,Beziers,FR,43.3476,3.219,42.1,70,40,27.63,scattered clouds
491,Opuwo,NA,-18.0607,13.84,75.25,59,73,1.12,broken clouds
492,Havre-Saint-Pierre,CA,50.2334,-63.5986,32.36,100,100,19.57,overcast clouds
493,Zhezkazgan,KZ,47.8043,67.7144,37.71,74,0,6.62,clear sky
494,Clyde River,CA,70.4692,-68.5914,12.43,92,75,6.91,broken clouds
495,Springbok,ZA,-29.6643,17.8865,57.7,47,3,2.75,clear sky
496,Burnie,AU,-41.0667,145.9167,59.92,70,97,4.38,overcast clouds
497,Taunggyi,MM,20.7833,97.0333,62.51,40,7,3.33,clear sky
498,Villa Carlos Paz,AR,-31.4241,-64.4978,64.38,28,0,15.01,clear sky
499,Gberia Fotombu,SL,9.8833,-11.1667,79.77,65,64,9.62,broken clouds
500,Dongobesh,TZ,-4.0667,35.3833,57.88,85,51,10.69,broken clouds
501,Shelburne,CA,44.0787,-80.2041,30.9,81,100,16.64,overcast clouds
502,Amantea,IT,39.1332,16.0746,56.16,83,29,12.84,scattered clouds
503,Tutin,RS,42.9903,20.3314,42.21,95,100,4.32,overcast clouds
504,Atasu,KZ,48.6814,71.6433,26.64,97,80,4.7,broken clouds
505,Mandera,KE,3.9366,41.867,84.33,57,71,17.09,broken clouds
506,Graham,US,47.0529,-122.2943,55.69,56,75,9.22,broken clouds
507,Saint-Francois,FR,46.4154,3.9054,34.68,93,100,14.97,light rain and snow
508,Kununurra,AU,-15.7667,128.7333,69.78,94,79,0.0,broken clouds
509,Mao,ES,39.8885,4.2658,43.36,81,20,4.61,light intensity shower rain
510,Riyadh,SA,24.6877,46.7219,75.34,15,0,4.16,clear sky
511,Arak,IR,34.0917,49.6892,55.11,35,0,0.83,clear sky
512,Sawakin,SD,19.1059,37.3321,76.14,67,0,7.11,clear sky
513,Strezhevoy,RU,60.7333,77.5889,13.78,96,100,1.48,overcast clouds
514,Wawa,NG,9.9022,4.4192,93.61,24,79,1.57,broken clouds
515,Vermillion,US,42.7794,-96.9292,55.71,29,91,7.25,overcast clouds
516,Necochea,AR,-38.5473,-58.7368,60.48,58,100,9.48,overcast clouds
517,Vertou,FR,47.1687,-1.4693,35.58,87,0,8.05,clear sky
518,Bermeo,ES,43.4209,-2.7215,42.24,68,71,18.99,light rain
519,Shingu,JP,33.7333,135.9833,42.49,59,93,3.02,overcast clouds
520,Ambunti,PG,-4.2365,142.8448,76.08,91,100,0.81,light rain
521,Krasnoselkup,RU,65.7,82.4667,4.15,99,96,8.03,overcast clouds
522,Camapua,BR,-19.5314,-54.0439,68.9,91,100,6.38,overcast clouds
523,Boyle,US,37.6334,-84.8666,48.69,49,0,5.75,clear sky
524,Illela,NG,13.7292,5.2975,84.72,7,13,4.36,few clouds
525,Liwale,TZ,-9.7667,37.9333,68.11,97,66,0.72,broken clouds
526,Nsanje,MW,-16.92,35.262,72.01,99,22,2.21,few clouds
527,Dali,CN,25.7,100.1833,39.6,98,100,4.94,overcast clouds
528,Thinadhoo,MV,0.5333,72.9333,82.67,72,4,7.9,clear sky
529,Cairns,AU,-16.9167,145.7667,75.15,88,40,0.0,scattered clouds
530,Trimbak,IN,19.9333,73.55,71.58,23,0,0.98,clear sky
531,Burhar,IN,23.2167,81.5333,75.38,18,4,2.57,clear sky
532,Portree,GB,57.4129,-6.1942,40.51,86,86,9.75,overcast clouds
533,Tangjiazhuang,CN,39.7333,118.45,40.57,44,72,1.72,broken clouds
534,Arlit,NE,18.7369,7.3853,86.14,3,99,8.12,overcast clouds
535,Ojinaga,MX,29.5667,-104.4167,87.57,17,0,5.75,clear sky
536,Bali,ID,-8.5,115.0,74.37,88,100,3.13,overcast clouds
537,Sangar,RU,63.9242,127.4739,15.58,93,100,15.9,light snow
538,Catumbela,AO,-12.4314,13.5472,76.68,88,100,4.47,light rain
539,Kadhan,PK,24.481,68.9859,80.64,34,0,9.44,clear sky
540,Poum,NC,-20.2333,164.0167,81.39,81,95,8.9,overcast clouds
541,Antigonish,CA,45.6169,-61.9986,55.58,98,100,11.12,overcast clouds
542,Lithakia,GR,37.7167,20.8333,58.37,82,2,18.03,clear sky
543,Timra,SE,62.487,17.3257,22.68,93,100,3.44,overcast clouds
544,Nagapattinam,IN,10.7667,79.8333,80.01,83,9,8.23,clear sky
545,Tingo Maria,PE,-9.2895,-76.0088,69.4,99,100,1.43,overcast clouds
546,Novobirilyussy,RU,56.9514,90.6661,33.31,96,100,7.9,light snow
547,Aquiraz,BR,-3.9014,-38.3911,82.49,80,95,5.48,overcast clouds
548,Carahue,CL,-38.7,-73.1667,58.96,73,0,4.94,clear sky
549,Olafsvik,IS,64.8945,-23.7142,41.94,91,100,10.65,overcast clouds
550,Ugoofaaru,MV,5.6667,73.0,82.76,70,7,5.68,clear sky
551,Minab,IR,27.1467,57.0801,76.57,56,0,0.6,clear sky
552,Tromso,NO,69.6496,18.957,30.38,74,75,21.85,broken clouds
553,Santa Teresa,VE,10.2341,-66.6631,84.16,59,56,8.05,broken clouds
554,Ahipara,NZ,-35.1667,173.1667,71.47,67,14,4.21,few clouds
555,Aginskoye,RU,51.1,114.53,29.59,74,90,5.3,overcast clouds
556,Atambua,ID,-9.1061,124.8925,70.81,86,18,3.36,few clouds
557,Chudniv,UA,50.052,28.1175,43.05,96,100,11.7,overcast clouds
558,Shizukuishi,JP,39.6833,140.9833,31.69,70,22,3.33,few clouds
559,Qaqortoq,GL,60.7167,-46.0333,35.11,81,78,1.14,broken clouds
560,Arys,KZ,42.4252,68.795,54.01,52,100,5.21,overcast clouds
561,Ribas Do Rio Pardo,BR,-20.4431,-53.7592,66.07,94,100,6.31,overcast clouds
562,Evensk,RU,61.95,159.2333,16.93,84,100,12.39,overcast clouds
563,Boyolangu,ID,-8.1181,111.8935,75.97,88,100,2.3,overcast clouds
564,Waipawa,NZ,-41.4122,175.5153,59.61,83,81,3.67,broken clouds
565,Warman,CA,52.3168,-106.5679,36.09,59,75,20.71,broken clouds
566,Piotrkow Trybunalski,PL,51.4055,19.7032,31.1,10,100,16.11,snow
567,Santa Maria,BR,-29.6842,-53.8069,65.5,55,20,10.36,few clouds
568,Bykovo,RU,55.6361,38.0803,34.32,75,40,8.95,scattered clouds
569,Astoria,US,46.1879,-123.8313,52.56,79,76,5.99,broken clouds
570,Penzance,GB,50.1186,-5.5371,44.11,60,38,15.68,scattered clouds
571,Hofn,IS,64.2539,-15.2082,38.19,83,100,3.74,overcast clouds
572,Skibbereen,IE,51.55,-9.2667,44.11,76,86,7.11,overcast clouds
573,Bhadrachalam,IN,17.6667,80.8833,79.47,81,4,6.85,clear sky
574,Barabai,ID,-2.5833,115.3833,72.45,97,80,1.1,broken clouds
575,Diffa,NE,13.3154,12.6113,82.81,6,1,5.37,clear sky
576,Dungarvan,IE,52.0881,-7.6253,44.56,77,100,11.03,overcast clouds
577,Neuquen,AR,-38.9516,-68.0591,78.69,19,0,2.3,clear sky
578,Petatlan,MX,17.5167,-101.2667,84.72,44,30,7.09,scattered clouds
579,Gopalpur,IN,19.2667,84.9167,78.21,90,2,19.01,clear sky
580,Craig,US,40.5153,-107.5464,47.82,35,9,11.48,clear sky
581,Behshahr,IR,36.6923,53.5526,61.65,39,2,5.41,clear sky
582,Fort Dodge,US,42.4975,-94.168,49.82,33,97,9.53,overcast clouds
583,Shakawe,BW,-18.3667,21.85,71.44,64,40,2.46,scattered clouds
584,Requena,ES,39.4883,-1.1004,39.52,52,10,7.58,clear sky
585,Ahuimanu,US,21.4447,-157.8378,79.75,81,19,5.99,light rain
586,Bhaderwah,IN,32.9784,75.7186,56.01,47,0,2.48,clear sky
587,Veraval,IN,20.9,70.3667,76.69,77,6,6.24,clear sky
588,Bystryy Istok,RU,52.371,84.3873,30.18,98,100,1.97,overcast clouds
589,Cabedelo,BR,-6.9811,-34.8339,81.27,74,96,11.27,overcast clouds
590,Vila Franca Do Campo,PT,37.7167,-25.4333,61.21,88,100,18.1,overcast clouds
591,Laela,TZ,-8.5667,32.05,59.88,93,50,0.67,scattered clouds
592,Setermoen,NO,68.861,18.3486,28.36,90,100,11.99,overcast clouds
593,Grand-Lahou,CI,5.1367,-5.0242,80.92,88,90,8.48,overcast clouds
594,Half Moon Bay,US,37.4636,-122.4286,78.42,68,31,3.0,scattered clouds
595,Amiens,FR,49.9,2.3,37.78,81,84,14.58,broken clouds
596,Morwa,IN,22.9,73.8333,78.84,41,0,6.29,clear sky
597,Grenville,GD,12.1167,-61.6167,82.45,79,37,20.42,scattered clouds
598,Harindanga,IN,22.0383,88.3214,79.27,86,88,13.49,overcast clouds
599,Riohacha,CO,11.5444,-72.9072,84.31,70,20,11.5,few clouds
600,Srandakan,ID,-7.9386,110.2506,74.91,81,100,2.59,overcast clouds
601,Pundaguitan,PH,6.3711,126.1689,80.69,77,39,3.29,scattered clouds
602,Pacifica,US,37.6138,-122.4869,77.23,77,0,13.8,mist
603,Mahajanga,MG,-15.7167,46.3167,76.48,74,76,8.19,broken clouds
604,Chicama,PE,-7.8447,-79.1469,76.93,65,63,10.11,broken clouds
605,Pascagoula,US,30.3658,-88.5561,77.41,40,11,3.0,few clouds
606,Alice Springs,AU,-23.7,133.8833,49.55,57,99,5.75,overcast clouds
607,Detmold,DE,51.8,8.0,35.42,96,100,14.25,light snow
608,Helena,US,46.5927,-112.0361,49.24,37,58,8.01,broken clouds
609,Aklavik,CA,68.2191,-135.0107,-5.85,85,57,8.03,broken clouds
610,Vila Velha,BR,-20.3297,-40.2925,80.55,85,40,4.61,scattered clouds
611,Flinders,AU,-34.5833,150.8552,62.19,77,98,11.99,overcast clouds
612,Smolenka,RU,52.1352,113.4974,30.27,51,99,11.18,overcast clouds
613,Nalut,LY,30.3333,10.85,65.62,17,20,6.8,few clouds
614,Sobolevo,RU,54.4299,31.8996,31.62,92,100,14.88,overcast clouds
615,Porto Walter,BR,-8.2686,-72.7439,64.54,99,100,4.99,overcast clouds
616,Yanam,IN,16.7333,82.2167,76.32,97,5,2.19,clear sky
617,Fort Nelson,CA,58.8053,-122.7002,14.47,81,100,3.67,overcast clouds
618,Tucuma,BR,-0.1833,-50.05,75.63,91,60,6.53,broken clouds
619,Lorengau,PG,-2.0226,147.2712,78.53,90,100,10.8,heavy intensity rain
620,Valreas,FR,44.3837,4.9908,39.61,81,100,20.92,light snow
621,Black Diamond,US,47.3087,-122.0032,56.28,58,89,5.99,overcast clouds
622,Hervey Bay,AU,-25.2986,152.8535,70.02,89,1,8.01,clear sky
623,Cherusti,RU,55.5498,40.0107,31.32,96,100,11.18,light snow
624,Portknockie,GB,57.7025,-2.8599,36.09,83,100,3.0,overcast clouds
625,Ngunguru,NZ,-35.6167,174.5,68.83,70,5,1.86,clear sky
626,Young,UY,-32.6833,-57.6333,56.62,68,1,7.25,clear sky
627,Sisimiut,GL,66.9395,-53.6735,26.73,84,11,6.24,few clouds
628,San Vicente,AR,-26.6167,-54.1333,60.24,81,35,3.78,scattered clouds
629,Chadan,RU,51.2833,91.5833,14.54,89,100,2.17,overcast clouds
630,Upington,ZA,-28.4478,21.2561,72.45,29,0,9.37,clear sky
631,Kodinsk,RU,58.6881,99.1844,18.28,98,100,1.83,overcast clouds
632,Seydi,TM,39.4816,62.9137,59.74,24,30,7.43,scattered clouds
633,Barranca,PE,-10.75,-77.7667,71.15,77,88,9.62,overcast clouds
634,Lagoa,PT,39.05,-27.9833,59.13,76,100,22.08,overcast clouds
635,Velsk,RU,61.0701,42.0983,9.19,97,37,1.45,scattered clouds
636,Manohar Thana,IN,24.24,76.8018,82.54,14,0,2.89,clear sky
637,Saint Anthony,US,45.0205,-93.218,46.24,52,100,9.22,overcast clouds
638,Mogadishu,SO,2.0371,45.3438,81.36,79,7,13.11,clear sky
639,Russell,US,32.3502,-85.1999,71.96,33,5,6.33,clear sky
640,Marystown,CA,47.1666,-55.1483,34.86,100,100,3.0,overcast clouds
641,Huoqiu,CN,32.3394,116.2694,44.15,65,88,7.47,overcast clouds
642,Kansanshi,ZM,-12.0951,26.4273,60.17,98,31,3.83,light rain
643,Inta,RU,66.0317,60.1659,13.71,95,90,13.27,light snow
644,Durban,ZA,-29.8579,31.0292,72.52,92,95,3.0,overcast clouds
645,Muroto,JP,33.2833,134.15,47.55,60,99,13.44,overcast clouds
646,Marsabit,KE,2.3284,37.9899,67.06,76,9,12.12,clear sky
647,Chontalpa,MX,17.7,-93.5167,89.01,53,28,5.79,scattered clouds
648,Henties Bay,NA,-22.116,14.2845,61.41,86,0,8.97,clear sky
649,Sao Gabriel Da Cachoeira,BR,-0.1303,-67.0892,84.43,64,37,2.46,scattered clouds
650,Yeniseysk,RU,58.4497,92.1703,25.38,96,100,5.53,light snow
651,Hastings,GB,50.8552,0.5729,38.32,63,6,16.73,clear sky
652,Adrar,MR,20.5022,-10.0711,77.94,10,0,7.25,clear sky
653,Sao Jose Da Coroa Grande,BR,-8.8978,-35.1478,79.18,76,90,7.34,overcast clouds
654,Bilma,NE,18.6853,12.9164,80.83,4,2,6.11,clear sky
655,Geelong,AU,-38.1471,144.3607,62.08,80,75,13.8,broken clouds
656,Nouakchott,MR,18.0858,-15.9785,69.73,66,1,13.51,clear sky
657,Kyra,RU,49.5776,111.9753,22.86,85,76,3.24,broken clouds
658,Abha,SA,18.2164,42.5053,60.17,19,36,7.65,scattered clouds
659,Nizhniy Kuranakh,RU,58.8353,125.4869,27.46,94,100,5.7,overcast clouds
660,Sindhnur,IN,15.7833,76.7667,81.36,49,51,7.05,broken clouds
661,Kundiawa,PG,-6.0167,144.9667,62.73,98,100,1.52,overcast clouds
662,Carrollton,US,32.9537,-96.8903,77.11,28,0,13.8,clear sky
663,Buenos Aires,AR,-34.6132,-58.3772,66.09,55,0,6.91,clear sky
664,Mombetsu,JP,44.3525,143.3525,32.07,71,8,12.08,clear sky
665,Mandalgovi,MN,45.7625,106.2708,30.51,45,27,10.69,scattered clouds
666,Jati,PK,24.3539,68.2671,79.09,46,0,10.4,clear sky
667,Carballo,ES,43.213,-8.691,46.51,81,48,4.56,scattered clouds
668,Paamiut,GL,61.994,-49.6678,34.86,80,78,7.2,broken clouds
669,Ewa Beach,US,21.3156,-158.0072,79.99,67,40,13.8,scattered clouds
670,Pasni,PK,25.2631,63.471,79.81,41,0,7.31,clear sky
671,Miri,MY,4.4148,114.0089,75.2,89,79,3.98,broken clouds
672,Berlevag,NO,70.8578,29.0864,26.6,63,0,20.71,clear sky
673,Lourdes,FR,43.1,-0.05,34.72,93,75,14.97,broken clouds
674,Kidal,ML,18.4411,1.4078,87.96,6,100,10.4,overcast clouds
675,Inongo,CD,-1.95,18.2667,73.78,93,99,4.79,overcast clouds
676,Ust-Tsilma,RU,65.441,52.1498,8.76,99,91,4.32,overcast clouds
677,Jumla,NP,29.2747,82.1838,48.87,49,0,4.03,clear sky
678,Anloga,GH,5.7947,0.8973,82.98,83,95,13.27,light rain
679,Farafangana,MG,-22.8167,47.8333,71.17,85,3,2.93,clear sky
680,Kahului,US,20.8947,-156.47,78.84,79,36,11.99,scattered clouds
681,Ketchikan,US,55.3422,-131.6461,40.19,91,100,11.23,light rain
682,Ailigandi,PA,9.2333,-78.0167,78.28,88,100,5.59,overcast clouds
683,Mpongwe,ZM,-13.5091,28.155,62.64,98,5,5.28,clear sky
684,Ulaanbaatar,MN,47.9077,106.8832,29.7,42,43,3.94,scattered clouds
685,Ambon,ID,-3.6954,128.1814,80.74,78,40,5.75,scattered clouds
686,Deputatskiy,RU,69.3,139.9,-15.34,99,67,1.32,broken clouds
687,Pitimbu,BR,-7.4706,-34.8086,80.65,73,87,10.67,overcast clouds
688,Kautokeino,NO,69.0125,23.0412,19.47,82,100,8.95,overcast clouds
689,Norrtalje,SE,59.758,18.705,28.02,83,10,3.49,clear sky
690,Pedernales,DO,18.0384,-71.744,83.28,62,45,7.38,scattered clouds
691,Altamont,US,42.2068,-121.7372,63.39,28,81,4.0,broken clouds
692,Kaeo,NZ,-35.1,173.7833,73.33,85,20,3.58,few clouds
693,Guangshui,CN,31.6199,113.9978,47.7,66,100,3.42,overcast clouds
694,Sorland,NO,67.667,12.6934,33.64,95,100,24.74,light snow
695,Quixeramobim,BR,-5.1992,-39.2928,75.72,84,71,2.59,broken clouds
696,San Policarpo,PH,12.1791,125.5072,80.51,77,95,15.82,overcast clouds
697,Markapur,IN,15.7333,79.2833,78.73,74,9,5.88,clear sky
698,Musenita,RO,47.9667,26.0,52.59,92,98,3.15,overcast clouds
699,Bonavista,CA,48.6499,-53.1147,31.39,97,100,13.18,snow
700,Lethem,GY,3.3803,-59.7968,89.51,41,90,11.9,overcast clouds
701,Agadez,NE,19.75,10.25,81.27,4,93,7.16,overcast clouds
702,Carutapera,BR,-1.195,-46.02,73.72,96,100,3.71,overcast clouds
703,Smithers,CA,54.7804,-127.1743,45.45,60,97,6.17,light rain
704,Wadena,US,46.4425,-95.1361,42.55,52,0,6.91,clear sky
705,Huzhou,CN,30.8703,120.0933,43.36,77,87,2.01,overcast clouds
706,Wyndham,US,37.6985,-77.6125,59.05,36,100,17.27,overcast clouds
707,Kashi,CN,39.4547,75.9797,52.29,36,39,4.32,scattered clouds
708,Prieska,ZA,-29.6641,22.7474,71.17,32,4,4.16,clear sky
709,Joutseno,FI,61.118,28.5076,15.85,80,16,2.77,few clouds
710,Maldonado,UY,-34.6667,-54.9167,61.99,71,94,6.44,overcast clouds
711,Bellevue,US,47.6104,-122.2007,57.22,57,77,5.01,broken clouds
712,Kanker,IN,20.2719,81.4931,79.0,26,19,4.63,few clouds
713,San Angelo,US,31.4638,-100.437,82.89,23,0,25.32,clear sky
714,Luanda,AO,-8.8368,13.2343,78.8,88,100,10.22,overcast clouds
715,Harper,LR,4.375,-7.7169,80.71,86,96,9.28,overcast clouds
